,precision,recall,f1-score,support
Fan,0.34297520661157027,1.0,0.5107692307692308,83.0
Human,0.0,0.0,0.0,10.0
IRobot,0.0,0.0,0.0,123.0
Pet,0.0,0.0,0.0,26.0
accuracy,0.34297520661157027,0.34297520661157027,0.34297520661157027,0.34297520661157027
macro avg,0.08574380165289257,0.25,0.1276923076923077,242.0
weighted avg,0.1176319923502493,0.34297520661157027,0.17518118245390973,242.0
