Epoch,Train Loss,Val Loss,Train Accuracy,Val Accuracy,Time per sample
1,1.0998509365976141,1.146802195832749,0.4574162679425837,0.34297520661157027,0.02800844867834064
